{
  "pools": [
    {
      "rolls": {
        "min": 2,
        "max": 10
      },
      "entries": [
        {
          "type": "item",
          "name": "minecraft:wooden_sword",
          "weight": 1,
          "functions": [
            {
              "function": "set_count",
              "count": {
                "min": 0,
                "max": 1
              }
            }
          ]
        },

        {
          "type": "item",
          "name": "minecraft:leather_helmet",
          "weight": 2,
          "functions": [
            {
              "function": "set_count",
              "count": {
                "min": 0,
                "max": 1
              }
            }
          ]
        },

        {
          "type": "item",
          "name": "minecraft:leather_chestplate",
          "weight": 2,
          "functions": [
            {
              "function": "set_count",
              "count": {
                "min": 0,
                "max": 1
              }
            }
          ]
        },

        {
          "type": "item",
          "name": "minecraft:leather_leggings",
          "weight": 2,
          "functions": [
            {
              "function": "set_count",
              "count": {
                "min": 0,
                "max": 1
              }
            }
          ]
        },

        {
          "type": "item",
          "name": "minecraft:leather_boots",
          "weight": 2,
          "functions": [
            {
              "function": "set_count",
              "count": {
                "min": 0,
                "max": 1
              }
            }
          ]
        },

        {
          "type": "item",
          "name": "minecraft:wooden_axe",
          "weight": 2,
          "functions": [
            {
              "function": "set_count",
              "count": {
                "min": 0,
                "max": 1
              }
            }
          ]
        },

        {
          "type": "item",
          "name": "minecraft:apple",
          "weight": 4,
          "functions": [
            {
              "function": "set_count",
              "count": {
                "min": 0,
                "max": 4
              }
            }
          ]
        },

        {
          "type": "item",
          "name": "minecraft:carrot",
          "weight": 3,
          "functions": [
            {
              "function": "set_count",
              "count": {
                "min": 0,
                "max": 8
              }
            }
          ]
        }
      ]
    }
  ]
}