{
    "pools": [
      {
        "rolls": {
          "min": 1,
          "max": 20
        },
        "bonus_rolls": {
          "min": 0,
          "max": 10
        },
        "entries": [
          {
            "type": "item",
            "name": "minecraft:coal",
            "weight": 1,
            "functions": [
              {
                "function": "set_count",
                "count": {
                  "min": 1,
                  "max": 32
                }
              }
            ]
          },
          {
            "type": "item",
            "name": "minecraft:iron_nugget",
            "weight": 2,
            "functions": [
              {
                "function": "set_count",
                "count": {
                  "min": 1,
                  "max": 32
                }
              }
            ]
          },
          {
            "type": "item",
            "name": "minecraft:coal_block",
            "weight": 2,
            "functions": [
              {
                "function": "set_count",
                "count": {
                  "min": 1,
                  "max": 16
                }
              }
            ]
          },
          {
            "type": "item",
            "name": "minecraft:iron_ingot",
            "weight": 3,
            "functions": [
              {
                "function": "set_count",
                "count": {
                  "min": 1,
                  "max": 16
                }
              }
            ]
          }
        ]
      }
    ]
  }